{
  "timestamp": 1754248367.5159497,
  "sample_rate": 48000,
  "channels": 8,
  "sync_enabled": true,
  "diagnostics": {
    "reference_channel": 2,
    "channel_delays_ms": [
      0.0,
      0.0,
      0.0,
      0.125,
      1.0,
      1.0,
      11.770833333333332,
      -0.6875
    ],
    "sync_quality": 0.5031014810287614,
    "drift_accumulator": 0.0,
    "sync_failures": 0,
    "last_sync_check": 1754248367.1503081,
    "correlation_history_length": 0,
    "coherence_threshold": 0.8
  },
  "metrics_history": [
    {
      "timestamp": 1754248367.1503081,
      "clock_drift_ms": 0.0,
      "phase_coherence": 0.08448563771537422,
      "sync_quality_score": 0.5031014810287614,
      "reference_channel": 2,
      "channel_alignment": {
        "0": 